<?xml version="1.0" encoding="UTF-8"?>
<AnyConnectProfile xmlns="http://schemas.xmlsoap.org/encoding/" xmlns:xsi="http://www.w3.org/2001/XMLSchema-instance" xsi:schemaLocation="http://schemas.xmlsoap.org/encoding/ AnyConnectProfile.xsd">
	<ClientInitialization>
		<UseStartBeforeLogon UserControllable="true">false</UseStartBeforeLogon>
		<AutomaticCertSelection UserControllable="true">true</AutomaticCertSelection>
		<ShowPreConnectMessage>false</ShowPreConnectMessage>
		<CertificateStore>All</CertificateStore>
		<CertificateStoreOverride>false</CertificateStoreOverride>
		<ProxySettings>Native</ProxySettings>
		<AllowLocalProxyConnections>true</AllowLocalProxyConnections>
		<AuthenticationTimeout>12</AuthenticationTimeout>
		<AutoConnectOnStart UserControllable="true">false</AutoConnectOnStart>
		<MinimizeOnConnect UserControllable="true">true</MinimizeOnConnect>
		<LocalLanAccess UserControllable="true">false</LocalLanAccess>
		<DisableCaptivePortalDetection UserControllable="false">false</DisableCaptivePortalDetection>
		<ClearSmartcardPin UserControllable="true">true</ClearSmartcardPin>
		<IPProtocolSupport>IPv4,IPv6</IPProtocolSupport>
		<AutoReconnect UserControllable="false">true
			<AutoReconnectBehavior UserControllable="false">ReconnectAfterResume</AutoReconnectBehavior>
		</AutoReconnect>
		<AutoUpdate UserControllable="false">true</AutoUpdate>
		<RSASecurIDIntegration UserControllable="false">Automatic</RSASecurIDIntegration>
		<WindowsLogonEnforcement>SingleLocalLogon</WindowsLogonEnforcement>
		<WindowsVPNEstablishment>LocalUsersOnly</WindowsVPNEstablishment>
		<AutomaticVPNPolicy>false</AutomaticVPNPolicy>
		<PPPExclusion UserControllable="false">Automatic
			<PPPExclusionServerIP UserControllable="false"></PPPExclusionServerIP>
		</PPPExclusion>
		<EnableScripting UserControllable="false">false</EnableScripting>
		<EnableAutomaticServerSelection UserControllable="true">false
			<AutoServerSelectionImprovement>20</AutoServerSelectionImprovement>
			<AutoServerSelectionSuspendTime>4</AutoServerSelectionSuspendTime>
		</EnableAutomaticServerSelection>
		<RetainVpnOnLogoff>false
		</RetainVpnOnLogoff>
		<AllowManualHostInput>false</AllowManualHostInput>
	</ClientInitialization>
	<ServerList>
		<HostEntry>
			<HostName>london.access.pepsico.com</HostName>
			<HostAddress>london.access.pepsico.com</HostAddress>
			<UserGroup>assoc-mla</UserGroup>
			<BackupServerList>
				<HostAddress>frankfurt.access.pepsico.com</HostAddress>
			</BackupServerList>
			<PrimaryProtocol>IPsec
				<StandardAuthenticationOnly>false</StandardAuthenticationOnly>
			</PrimaryProtocol>
		</HostEntry>
		<HostEntry>
			<HostName>frankfurt.access.pepsico.com</HostName>
			<HostAddress>frankfurt.access.pepsico.com</HostAddress>
			<UserGroup>assoc-mla</UserGroup>
			<PrimaryProtocol>IPsec
				<StandardAuthenticationOnly>false</StandardAuthenticationOnly>
			</PrimaryProtocol>
		</HostEntry>
		<HostEntry>
			<HostName>singapore.access.pepsico.com</HostName>
			<HostAddress>singapore.access.pepsico.com</HostAddress>
			<UserGroup>assoc-mla</UserGroup>
			<BackupServerList>
				<HostAddress>frankfurt.access.pepsico.com</HostAddress>
			</BackupServerList>
			<PrimaryProtocol>IPsec
				<StandardAuthenticationOnly>false</StandardAuthenticationOnly>
			</PrimaryProtocol>
		</HostEntry>
		<HostEntry>
			<HostName>plano.access.pepsico.com</HostName>
			<HostAddress>plano.access.pepsico.com</HostAddress>
			<UserGroup>assoc-mla</UserGroup>
			<BackupServerList>
				<HostAddress>richardson.access.pepsico.com</HostAddress>
			</BackupServerList>
			<PrimaryProtocol>IPsec
				<StandardAuthenticationOnly>false</StandardAuthenticationOnly>
			</PrimaryProtocol>
		</HostEntry>
		<HostEntry>
			<HostName>richardson.access.pepsico.com</HostName>
			<HostAddress>richardson.access.pepsico.com</HostAddress>
			<UserGroup>assoc-mla</UserGroup>
			<BackupServerList>
				<HostAddress>plano.access.pepsico.com</HostAddress>
			</BackupServerList>
			<PrimaryProtocol>IPsec
				<StandardAuthenticationOnly>false</StandardAuthenticationOnly>
			</PrimaryProtocol>
		</HostEntry>
	</ServerList>
</AnyConnectProfile>
